CategoryID,DataOrder,Name,Website,Address,DetailsLink,ProgramsLink,ImageURL,LogoURL
34,ıst,ISTANBUL UNIVERSITY,www.istanbul.edu.tr,"İstanbul University Rectorate Süleymaniye Mahallesi, İstanbul Ünv. No:15, 34116 Fatih/İstanbul (Beyazıt Campus)",/UniversityTurkey/Detail?uId=115373,/StudySearch/ProgramList?uId=BGW+z2PuHAI=,https://studyinturkeyvs.yok.gov.tr//PhotoAlbum//5f48983216992.JPG,/Content/img/logo/115373.png
34,ıst,ISTANBUL UNIVERSITY-CERRAHPASA,http://www.istanbulc.edu.tr,,/UniversityTurkey/Detail?uId=339984,/StudySearch/ProgramList?uId=KUHyMGObBqc=,https://studyinturkeyvs.yok.gov.tr//PhotoAlbum//a80d884653321.JPG,/Content/img/logo/339984.png
34,ıst,ISTANBUL TECHNICAL UNIVERSITY,www.itu.edu.tr,,/UniversityTurkey/Detail?uId=115069,/StudySearch/ProgramList?uId=GPnsgz1eHH8=,https://studyinturkeyvs.yok.gov.tr//PhotoAlbum//ebeb20b959794.JPG,/Content/img/logo/115069.png
6,ank,ANKARA UNIVERSITY,https://www.ankara.edu.tr/,"Ankara University Rectorate, Dögol Caddesi 06100 Beşevler / Ankara / Turkey",/UniversityTurkey/Detail?uId=102738,/StudySearch/ProgramList?uId=DGwiPm6jJow=,https://studyinturkeyvs.yok.gov.tr//PhotoAlbum//e5b9b0c286151.jpg,/Content/img/logo/102738.png
35,ege,EGE UNIVERSITY,https://ege.edu.tr,Ege University Campus 35100 Bornova-İZMİR Ege University Rectorate Gençlik Caddesi 35040 Bornova-İZMİR,/UniversityTurkey/Detail?uId=109290,/StudySearch/ProgramList?uId=uTd4iekXjEg=,https://studyinturkeyvs.yok.gov.tr//PhotoAlbum//4b9b7f0069126.jpg,/Content/img/logo/109290.png
61,kar,KARADENIZ TECHNICAL UNIVERSITY,http://www.ktu.edu.tr,,/UniversityTurkey/Detail?uId=117127,/StudySearch/ProgramList?uId=wM45+WaiCLM=,https://studyinturkeyvs.yok.gov.tr//PhotoAlbum//92eda20989035.JPG,/Content/img/logo/117127.png
6,mıd,MIDDLE EAST TECHNICAL UNIVERSITY,https://www.metu.edu.tr/,"Üniversiteler Mahallesi, Dumlupınar Bulvarı No:1, 06800 Çankaya/Ankara",/UniversityTurkey/Detail?uId=122571,/StudySearch/ProgramList?uId=Ico6AmAnvUw=,https://studyinturkeyvs.yok.gov.tr//PhotoAlbum//9821cd4287996.jpg,/Content/img/logo/122571.png
25,ata,ATATURK UNIVERSITY,https://atauni.edu.tr,Atatürk University 25240 Erzurum,/UniversityTurkey/Detail?uId=103545,/StudySearch/ProgramList?uId=xGGclpE+hvs=,https://studyinturkeyvs.yok.gov.tr//PhotoAlbum//76dece7512693.jpg,/Content/img/logo/103545.png
6,hac,HACETTEPE UNIVERSITY,https://internationalstudent2.hacettepe.edu.tr/en/menu/international_student_office-13,,/UniversityTurkey/Detail?uId=113082,/StudySearch/ProgramList?uId=9CKZM0q98Z4=,https://studyinturkeyvs.yok.gov.tr//PhotoAlbum//3b47d66c77981.JPG,/Content/img/logo/113082.png
34,bog,BOGAZICI UNIVERSITY,http://adaylar.boun.edu.tr/en-EN/Home,Merkez Kampüs (Güney) Boğaziçi University 34342 Bebek/Istanbul Turkey,/UniversityTurkey/Detail?uId=105322,/StudySearch/ProgramList?uId=jHuFA/N7aX8=,https://studyinturkeyvs.yok.gov.tr//PhotoAlbum//cbbf676270616.jpg,/Content/img/logo/105322.png
26,ana,ANADOLU UNIVERSITY,https://www.anadolu.edu.tr/,Anadolu University Yunus Emre Campus 26470 Tepebaşı / ESKİŞEHİR,/UniversityTurkey/Detail?uId=102261,/StudySearch/ProgramList?uId=mdoNY0gFUAo=,https://studyinturkeyvs.yok.gov.tr//PhotoAlbum//caf95a2860225.JPG,/Content/img/logo/102261.png
1,cuk,CUKUROVA UNIVERSITY,https://www.cu.edu.tr,Cukurova University Rectorate Balcali Campus 01330 Çukurova / ADANA / TÜRKİYE,/UniversityTurkey/Detail?uId=107211,/StudySearch/ProgramList?uId=QkLSAD4ALKc=,https://studyinturkeyvs.yok.gov.tr//PhotoAlbum//3f01eca563563.jpg,/Content/img/logo/107211.png
21,dıc,DICLE UNIVERSITY,https://www.dicle.edu.tr,"Dicle University Rectorate, 21280 Sur Diyarbakır Türkiye",/UniversityTurkey/Detail?uId=107723,/StudySearch/ProgramList?uId=1Afu2iUFgSk=,https://studyinturkeyvs.yok.gov.tr//PhotoAlbum//cb3fdd3268639.jpg,../../Content/img/logo/107723.png
58,sıv,SIVAS CUMHURIYET UNIVERSITY,http://www.cumhuriyet.edu.tr/index.php,Sivas Cumhuriyet University 58140 KAMPÜS/SİVAS,/UniversityTurkey/Detail?uId=344737,/StudySearch/ProgramList?uId=i5zpZgmvXhw=,https://studyinturkeyvs.yok.gov.tr//PhotoAlbum//eb600afe47545.JPG,../../Content/img/logo/344737.png
44,ıno,INONU UNIVERSITY,http://inonu.edu.tr,"İnönü University Main Campus, 44280, Battalgazi /MALATYA",/UniversityTurkey/Detail?uId=114436,/StudySearch/ProgramList?uId=L+QTNgjqUP0=,https://studyinturkeyvs.yok.gov.tr//PhotoAlbum//c9c4d72e80141.jpeg,../../Content/img/logo/114436.png
42,sel,SELCUK UNIVERSITY,http://www.selcuk.edu.tr/,"Selçuk University Rectorate, Alaeddin Keykubat Campus, Akademi Mah. Yeni İstanbul Cad. No:369 Postal Code:42130 Selçuklu-Konya / TURKEY",/UniversityTurkey/Detail?uId=123902,/StudySearch/ProgramList?uId=f7EkCRdWOM0=,https://studyinturkeyvs.yok.gov.tr//PhotoAlbum//bbe4535a26056.jpg,../../Content/img/logo/123902.png
55,ond,ONDOKUZ MAYIS UNIVERSITY,http://www.omu.edu.tr/,"Ondokuz Mayıs Üniversitesi Rektörlük Binası Kurupelit Kampüsü, 55139 Atakum / SAMSUN",/UniversityTurkey/Detail?uId=121946,/StudySearch/ProgramList?uId=DpFJ9sxeP5Q=,https://studyinturkeyvs.yok.gov.tr//PhotoAlbum//fcf485a337083.jpg,../../Content/img/logo/121946.png
16,bur,BURSA ULUDAG UNIVERSITY,https://uludag.edu.tr/,Bursa Uludağ Universitesi Görükle Kampusu 16059 Nilüfer/BURSA,/UniversityTurkey/Detail?uId=362386,/StudySearch/ProgramList?uId=isiFjJqer3A=,https://studyinturkeyvs.yok.gov.tr//PhotoAlbum//59d5b1a272036.jpg,../../Content/img/logo/362386.png
23,fır,FIRAT UNIVERSITY,www.firat.edu.tr,Üniversite Mahallesi Fırat Üniversitesi Rektörlük Campus 23119 Elazığ,/UniversityTurkey/Detail?uId=110987,/StudySearch/ProgramList?uId=ckuNBV+ewbg=,https://studyinturkeyvs.yok.gov.tr//PhotoAlbum//07c0b89767598.jpg,../../Content/img/logo/110987.png
35,dok,DOKUZ EYLUL UNIVERSITY,www.deu.edu.tr,-,/UniversityTurkey/Detail?uId=108163,/StudySearch/ProgramList?uId=rkLokxSjqL4=,https://studyinturkeyvs.yok.gov.tr//PhotoAlbum//107f19a863303.JPG,../../Content/img/logo/108163.png
38,erc,ERCIYES UNIVERSITY,https://www.erciyes.edu.tr/,-,/UniversityTurkey/Detail?uId=109868,/StudySearch/ProgramList?uId=3PXapz/TfQw=,https://studyinturkeyvs.yok.gov.tr//PhotoAlbum//62fc032c60275.JPG,../../Content/img/logo/109868.png
6,gaz,GAZI UNIVERSITY,http://www.gazi.edu.tr,Gazi University Rectorate 06560 Emniyet Mahallesi Bandırma Caddesi No: 6/1 Yenimahalle - ANKARA,/UniversityTurkey/Detail?uId=133520,/StudySearch/ProgramList?uId=PQSyCqGBdSY=,https://studyinturkeyvs.yok.gov.tr//PhotoAlbum//16e7273d31888.jpg,../../Content/img/logo/133520.png
34,mar,MARMARA UNIVERSITY,https://www.marmara.edu.tr/,Acıbadem Campus (Faculty of Fine Arts and Fine Arts Institute) Address: Küçük Çamlıca 34718 Kadıköy İstanbul / TURKEY,/UniversityTurkey/Detail?uId=119094,/StudySearch/ProgramList?uId=pi34drOG4xo=,https://studyinturkeyvs.yok.gov.tr//PhotoAlbum//667bebbb43609.JPG,../../Content/img/logo/119094.png
7,akd,AKDENIZ UNIVERSITY,http://www.akdeniz.edu.tr,Akdeniz University Dumlupınar Bulvarı 07058 Kampüs Antalya / TÜRKİYE,/UniversityTurkey/Detail?uId=101458,/StudySearch/ProgramList?uId=oabK6n3yA8Q=,https://studyinturkeyvs.yok.gov.tr//PhotoAlbum//54dc169195344.jpg,../../Content/img/logo/101458.png
22,tra,TRAKYA UNIVERSITY,www.trakya.edu.tr,Trakya University Rectorate 22030 Balkan Campus / EDİRNE,/UniversityTurkey/Detail?uId=125577,/StudySearch/ProgramList?uId=p8kHTYXxnqY=,https://studyinturkeyvs.yok.gov.tr//PhotoAlbum//a3108d7249057.jpg,../../Content/img/logo/125577.png
65,van,VAN YUZUNCU YIL UNIVERSITY,www.yyu.edu.tr,-,/UniversityTurkey/Detail?uId=337414,/StudySearch/ProgramList?uId=Oa7VhU7vn5o=,https://studyinturkeyvs.yok.gov.tr//PhotoAlbum//20ad3fe751640.JPG,../../Content/img/logo/337414.png
34,mım,MIMAR SINAN FINE ARTS UNIVERSITY,https://www.msgsu.edu.tr,"Meclisi Mebusan Cad. No.24. Findikli, Beyoglu, 34427, Istanbul / Turkey",/UniversityTurkey/Detail?uId=120301,/StudySearch/ProgramList?uId=lpIhskWv2rM=,https://studyinturkeyvs.yok.gov.tr//PhotoAlbum//ceb296eb65548.jpg,../../Content/img/logo/120301.png
34,yıl,YILDIZ TECHNICAL UNIVERSITY,http://www.yildiz.edu.tr,Yıldız Campus Barbaros Bulvarı 34349 Yıldız-İstanbul Tel: 0212 383 70 70 Fax: 0212 261 43 60,/UniversityTurkey/Detail?uId=126982,/StudySearch/ProgramList?uId=cxuYbzGK1BE=,https://studyinturkeyvs.yok.gov.tr//PhotoAlbum//8bdf4ff269565.jpg,../../Content/img/logo/126982.png
27,gaz,GAZIANTEP UNIVERSITY,https://www.gantep.edu.tr,"Üniversite Bulvarı 27310 Şehitkamil - Gaziantep, TÜRKİYE",/UniversityTurkey/Detail?uId=112080,/StudySearch/ProgramList?uId=P8pIGGrtCuQ=,https://studyinturkeyvs.yok.gov.tr//PhotoAlbum//536133a244391.jpg,../../Content/img/logo/112080.png
17,can,CANAKKALE ONSEKIZ MART UNIVERSITY,https://www.comu.edu.tr/,Çanakkale Onsekiz Mart University - ÇANAKKALE / TÜRKIYE,/UniversityTurkey/Detail?uId=106545,/StudySearch/ProgramList?uId=kv6tekw+HnM=,https://studyinturkeyvs.yok.gov.tr//PhotoAlbum//eca8087837499.jpg,../../Content/img/logo/106545.png
3,afy,AFYON KOCATEPE UNIVERSITY,www.aku.edu.tr,"Afyon Kocatepe University Ahmet Necdet Sezer Campus Gazlıgöl Yolu, 03200, AFYONKARAHİSAR",/UniversityTurkey/Detail?uId=100869,/StudySearch/ProgramList?uId=jcJnem7ShYo=,https://studyinturkeyvs.yok.gov.tr//PhotoAlbum//c287513a45030.jpg,../../Content/img/logo/100869.png
54,sak,SAKARYA UNIVERSITY,http://www.sakarya.edu.tr,-,/UniversityTurkey/Detail?uId=123409,/StudySearch/ProgramList?uId=Br/Qz19AGaQ=,https://studyinturkeyvs.yok.gov.tr//PhotoAlbum//ce898fbc39367.JPG,../../Content/img/logo/123409.png
41,geb,GEBZE TECHNICAL UNIVERSITY,www.gtu.edu.tr,Gebze Teknik University 41400 Gebze/KOCAELİ,/UniversityTurkey/Detail?uId=260621,/StudySearch/ProgramList?uId=jPB/l1aV//I=,https://studyinturkeyvs.yok.gov.tr//PhotoAlbum//5b45ee5747045.jpg,../../Content/img/logo/260621.png
51,nıg,NIGDE OMER HALISDEMIR UNIVERSITY,www.ohu.edu.tr,"Niğde Ömer Halisdemir University Rectorate, Central Campus, Bor Yolu Üzeri, 51240, Niğde/TURKEY",/UniversityTurkey/Detail?uId=306556,/StudySearch/ProgramList?uId=ItjOuSngL0k=,https://studyinturkeyvs.yok.gov.tr//PhotoAlbum//4294d5bb21516.jpg,../../Content/img/logo/306556.png
45,man,MANISA CELAL BAYAR UNIVERSITY,http://mcbu.edu.tr/,-,/UniversityTurkey/Detail?uId=315839,/StudySearch/ProgramList?uId=zzW2T65hCcI=,https://studyinturkeyvs.yok.gov.tr//PhotoAlbum//0fe458ca82551.JPG,../../Content/img/logo/315839.png
14,bol,BOLU ABANT IZZET BAYSAL UNIVERSITY,http://www.ibu.edu.tr,Gölköy Yerleşkesi (Merkez Kampüs) Bolu Abant İzzet Baysal University Gölköy Yerleşkesi 14030 - Merkez / Bolu,/UniversityTurkey/Detail?uId=341799,/StudySearch/ProgramList?uId=Z/3XHM7ZkJU=,https://studyinturkeyvs.yok.gov.tr//PhotoAlbum//dca26c4b67260.jpg,../../Content/img/logo/341799.png
10,bal,BALIKESIR UNIVERSITY,https://www.balikesir.edu.tr/,-,/UniversityTurkey/Detail?uId=104213,/StudySearch/ProgramList?uId=6wlGgiepfsM=,https://studyinturkeyvs.yok.gov.tr//PhotoAlbum//b6beb90849418.JPG,../../Content/img/logo/104213.png
31,hat,HATAY MUSTAFA KEMAL UNIVERSITY,www.mku.edu.tr,Tayfur Sökmen Campus (31060) Alahan-Antakya/HATAY,/UniversityTurkey/Detail?uId=367208,/StudySearch/ProgramList?uId=8/0N6GMpcrA=,https://studyinturkeyvs.yok.gov.tr//PhotoAlbum//d25d9aae12667.jpg,../../Content/img/logo/367208.png
63,har,HARRAN UNIVERSITY,http://harran.edu.tr,Şanlıurfa-Mardin Karayolu Üzeri 18.Km Şanlıurfa/Türkiye,/UniversityTurkey/Detail?uId=113746,/StudySearch/ProgramList?uId=DXbYWRkEnhE=,https://studyinturkeyvs.yok.gov.tr//PhotoAlbum//e408476e20695.jpg,../../Content/img/logo/113746.png
33,mer,MERSIN UNIVERSITY,http://www.mersin.edu.tr/,Mersin University Çiftlikköy Campus Yenişehir / MERSİN,/UniversityTurkey/Detail?uId=119917,/StudySearch/ProgramList?uId=IV53jvrTHpA=,https://studyinturkeyvs.yok.gov.tr//PhotoAlbum//7be3790015522.jpg,../../Content/img/logo/119917.png
48,mug,MUGLA SITKI KOCMAN UNIVERSITY,www.mu.edu.tr,Muğla Sıtkı Koçman University Rectorate 48000 Kötekli/MUĞLA,/UniversityTurkey/Detail?uId=120444,/StudySearch/ProgramList?uId=Eu34BfKery0=,https://studyinturkeyvs.yok.gov.tr//PhotoAlbum//0799949a10930.JPG,../../Content/img/logo/120444.png
20,pam,PAMUKKALE UNIVERSITY,http://www.pau.edu.tr,-,/UniversityTurkey/Detail?uId=122831,/StudySearch/ProgramList?uId=DBMGm1P2oJI=,https://studyinturkeyvs.yok.gov.tr//PhotoAlbum//a60e660934692.JPG,../../Content/img/logo/122831.png
46,kah,KAHRAMANMARAS SUTCU IMAM UNIVERSITY,www.ksu.edu.tr,"Kahramanmaras Sutçü Imam University Rectorate, Avsar Mah. Batı Çevreyolu Blv. No: 251/A 46040 - Onikişubat/Kahramanmaraş",/UniversityTurkey/Detail?uId=116608,/StudySearch/ProgramList?uId=2c7Qzznyo14=,https://studyinturkeyvs.yok.gov.tr//PhotoAlbum//279b67d844923.JPG,../../Content/img/logo/116608.png
32,sul,SULEYMAN DEMIREL UNIVERSITY,http://w3.sdu.edu.tr/,"Süleyman Demirel University, 32260 Çünür/ISPARTA | TURKEY",/UniversityTurkey/Detail?uId=124902,/StudySearch/ProgramList?uId=Fv3trKmfay0=,https://studyinturkeyvs.yok.gov.tr//PhotoAlbum//55aa65dd92108.JPG,../../Content/img/logo/124902.png
41,koc,KOCAELI UNIVERSITY,https://www.kocaeli.edu.tr,-,/UniversityTurkey/Detail?uId=118239,/StudySearch/ProgramList?uId=l/FqtsD6YHc=,https://studyinturkeyvs.yok.gov.tr//PhotoAlbum//716fc42e16341.JPG,../../Content/img/logo/118239.png
36,kaf,KAFKAS UNIVERSITY,www.kafkas.edu.tr,Şehitler Mahallesi Ahmet Arslan Cd. Merkez/KARS-TURKEY,/UniversityTurkey/Detail?uId=116345,/StudySearch/ProgramList?uId=LggU/RjnVPM=,https://studyinturkeyvs.yok.gov.tr//PhotoAlbum//963602c661021.JPG,../../Content/img/logo/116345.png
35,ızm,IZMIR INSTITUTE OF TECHNOLOGY,https://iyte.edu.tr/,"İzmir Yüksek Teknoloji Enstitüsü, Urla İzmir 35430 Turkey",/UniversityTurkey/Detail?uId=116207,/StudySearch/ProgramList?uId=//9J0f4bVFM=,https://studyinturkeyvs.yok.gov.tr//PhotoAlbum//d0b9c21138210.JPG,../../Content/img/logo/116207.png
71,kır,KIRIKKALE UNIVERSITY,www.kku.edu.tr,"Kırıkkale University Kırıkkale Ankara karayolu, 7.km, 71450, Yahşihan, Kırıkkale",/UniversityTurkey/Detail?uId=117803,/StudySearch/ProgramList?uId=aX+VvSjSWBA=,https://studyinturkeyvs.yok.gov.tr//PhotoAlbum//5a43f29c54628.JPG,../../Content/img/logo/117803.png
43,kut,KUTAHYA DUMLUPINAR UNIVERSITY,http://www.dpu.edu.tr/,Evliya Çelebi Campus Tavşanlı Yolu 10. KM Kütahya / Türkiye,/UniversityTurkey/Detail?uId=351149,/StudySearch/ProgramList?uId=X4vX8Vs/3n4=,https://studyinturkeyvs.yok.gov.tr//PhotoAlbum//a047492248185.JPG,../../Content/img/logo/351149.png
9,ayd,AYDIN ADNAN MENDERES UNIVERSITY,www.adu.edu.tr,-,/UniversityTurkey/Detail?uId=364158,/StudySearch/ProgramList?uId=VRpT49W12wM=,https://studyinturkeyvs.yok.gov.tr//PhotoAlbum//a70842fa55675.JPG,../../Content/img/logo/364158.png
67,zon,ZONGULDAK BULENT ECEVIT UNIVERSITY,https://w3.beun.edu.tr/,"Zonguldak Bülent Ecevit University Rectorate İncivez Mahallesi, Üniversite Cd., 67100 Merkez/Zonguldak",/UniversityTurkey/Detail?uId=365890,/StudySearch/ProgramList?uId=3n4oz9NLODA=,https://studyinturkeyvs.yok.gov.tr//PhotoAlbum//435b2db068802.JPG,../../Content/img/logo/365890.png
60,tok,TOKAT GAZIOSMANPASA UNIVERSITY,http://www.gop.edu.tr,"Tokat Gaziosmanpaşa University, Taşlıçiftlik Campus, 60250 Tokat / TURKEY",/UniversityTurkey/Detail?uId=367245,/StudySearch/ProgramList?uId=jBl4gSKzq1k=,https://studyinturkeyvs.yok.gov.tr//PhotoAlbum//2035ade162096.JPG,../../Content/img/logo/367245.png
26,esk,ESKISEHIR OSMANGAZI UNIVERSITY,http://www.ogu.edu.tr,"Eskişehir Osmangazi Üniversitesi Meşelik Kampüsü Büyükdere Mah. Prof. Dr. Nabi AVCI Bulvarı No: 4 Posta Kodu: 26040, Odunpazarı - ESKİŞEHİR Tel: +90(222)239 37 50 - Fax: +90(222)239 90 53",/UniversityTurkey/Detail?uId=110538,/StudySearch/ProgramList?uId=/98G7Sf9fIE=,https://studyinturkeyvs.yok.gov.tr//PhotoAlbum//2673d70a16504.png,../../Content/img/logo/110538.png
34,gal,GALATASARAY UNIVERSITY,www.gsu.edu.tr,-,/UniversityTurkey/Detail?uId=111395,/StudySearch/ProgramList?uId=4bPJ7BCKtok=,https://studyinturkeyvs.yok.gov.tr//PhotoAlbum//3f92f6d789388.jpg,../../Content/img/logo/111395.png
37,kas,KASTAMONU UNIVERSITY,https://iso.kastamonu.edu.tr/index.php/tr/,"Address: Kastamonu University Rectorate (Kuzeykent) Orgeneral Atilla Ateş Paşa Street Postal Code: 37150 KASTAMONU/TURKEY 


https://goo.gl/maps/7SSkRF9j7xQ8xnfE6",/UniversityTurkey/Detail?uId=117673,/StudySearch/ProgramList?uId=kzmIXYwAh3U=,https://studyinturkeyvs.yok.gov.tr//PhotoAlbum//a63a501a55780.jpg,../../Content/img/logo/117673.png
81,duz,DUZCE UNIVERSITY,www.duzce.edu.tr,Düzce University Konuralp Yerleşkesi Konuralp Merkez/Düzce 81620,/UniversityTurkey/Detail?uId=109110,/StudySearch/ProgramList?uId=A1/NyvcdS30=,https://studyinturkeyvs.yok.gov.tr//PhotoAlbum//683ad2b218165.png,../../Content/img/logo/109110.png
5,ama,AMASYA UNIVERSITY,http://en.amasya.edu.tr/,-,/UniversityTurkey/Detail?uId=102198,/StudySearch/ProgramList?uId=2ZwC6c/Vaqw=,https://studyinturkeyvs.yok.gov.tr//PhotoAlbum//3c5f3a6597707.jpg,../../Content/img/logo/102198.png
53,rec,RECEP TAYYIP ERDOGAN UNIVERSITY,www.erdogan.edu.tr,Recep Tayyip Erdoğan University Zihni Derin Campus - Fener Mahallesi 53100 Merkez/RİZE,/UniversityTurkey/Detail?uId=123221,/StudySearch/ProgramList?uId=A/sLq0MWZTY=,https://studyinturkeyvs.yok.gov.tr//PhotoAlbum//1d43824e47467.jpg,../../Content/img/logo/123221.png
2,adı,ADIYAMAN UNIVERSITY,www.adiyaman.edu.tr,"Adıyaman University (ADYÜ) Altınşehir Mah. Ataturk Boulevard No: 1 02040, Merkez / ADIYAMAN",/UniversityTurkey/Detail?uId=100259,/StudySearch/ProgramList?uId=ngCRH9yKykM=,https://studyinturkeyvs.yok.gov.tr//PhotoAlbum//f520fe5c65943.jpg,../../Content/img/logo/100259.png
28,gır,GIRESUN UNIVERSITY,www.giresun.edu.tr,"Giresun University Rektörlük Gaziler Mahallesi, Prof. Ahmet Taner Kışlalı Cd, 28200 Giresun Merkez/Giresun",/UniversityTurkey/Detail?uId=112836,/StudySearch/ProgramList?uId=XnS8IgxNSjY=,https://studyinturkeyvs.yok.gov.tr//PhotoAlbum//1c0addb540919.jpg,../../Content/img/logo/112836.png
64,usa,USAK UNIVERSITY,https://www.usak.edu.tr,-,/UniversityTurkey/Detail?uId=126537,/StudySearch/ProgramList?uId=qcIHFTNuq1s=,https://studyinturkeyvs.yok.gov.tr//PhotoAlbum//6153ff0672906.JPG,../../Content/img/logo/126537.png
19,hıt,HITIT UNIVERSITY,www.hitit.edu.tr,-,/UniversityTurkey/Detail?uId=114218,/StudySearch/ProgramList?uId=6+TE0NvxAa4=,null,../../Content/img/logo/114218.png
40,kır,KIRSEHIR AHI EVRAN UNIVERSITY,https://www.ahievran.edu.tr/index.php,-,/UniversityTurkey/Detail?uId=354265,/StudySearch/ProgramList?uId=Zq9H3Tq7+Gc=,https://studyinturkeyvs.yok.gov.tr//PhotoAlbum//d0bad8a098465.JPG,../../Content/img/logo/354265.png
24,erz,ERZINCAN BINALI YILDIRIM UNIVERSITY,http://www.ebyu.edu.tr/tr/,-,/UniversityTurkey/Detail?uId=370189,/StudySearch/ProgramList?uId=w6o1+aH3TjI=,https://studyinturkeyvs.yok.gov.tr//PhotoAlbum//479a1de713505.jpg,../../Content/img/logo/370189.png
52,ord,ORDU UNIVERSITY,http://www.odu.edu.tr/,Cumhuriyet Campus Cumhuriyet Mahallesi PK : 52200 Altınordu / ORDU,/UniversityTurkey/Detail?uId=122395,/StudySearch/ProgramList?uId=2H5dOIyW1rM=,https://studyinturkeyvs.yok.gov.tr//PhotoAlbum//81639af874282.JPG,../../Content/img/logo/122395.png
66,yoz,YOZGAT BOZOK UNIVERSITY,http://bozok.edu.tr,-,/UniversityTurkey/Detail?uId=359730,/StudySearch/ProgramList?uId=6uMTztf8enA=,https://studyinturkeyvs.yok.gov.tr//PhotoAlbum//f54bc27739133.jpg,../../Content/img/logo/359730.png
15,bur,BURDUR MEHMET AKIF ERSOY UNIVERSITY,https://www.mehmetakif.edu.tr/,Burdur Mehmet Akif Ersoy University Istiklal Campus 15030/Burdur,/UniversityTurkey/Detail?uId=355074,/StudySearch/ProgramList?uId=JHRop44w/dk=,https://studyinturkeyvs.yok.gov.tr//PhotoAlbum//a5dd4e9093877.JPG,../../Content/img/logo/355074.png
59,tek,TEKIRDAG NAMIK KEMAL UNIVERSITY,http://www.nku.edu.tr/,Tekirdağ Namık Kemal University Central Campus Namık Kemal Mah. Kampüs Cad. No:1 59030 Süleymanpaşa - Tekirdağ,/UniversityTurkey/Detail?uId=356278,/StudySearch/ProgramList?uId=60YgSFF3d9M=,https://studyinturkeyvs.yok.gov.tr//PhotoAlbum//cf5971c447104.jpg,../../Content/img/logo/356278.png
68,aks,AKSARAY UNIVERSITY,https://www.aksaray.edu.tr/,Bahçesaray Mah. 68100 AKSARAY,/UniversityTurkey/Detail?uId=102005,/StudySearch/ProgramList?uId=BsDpH7swVTY=,https://studyinturkeyvs.yok.gov.tr//PhotoAlbum//734c132197620.jpg,../../Content/img/logo/102005.png
8,art,ARTVIN CORUH UNIVERSITY,https://www.artvin.edu.tr/,-,/UniversityTurkey/Detail?uId=103443,/StudySearch/ProgramList?uId=skb1Kn7LCgY=,https://studyinturkeyvs.yok.gov.tr//PhotoAlbum//dadde59f31493.jpg,../../Content/img/logo/103443.png
72,bat,BATMAN UNIVERSITY,https://www.batman.edu.tr,"Batman University, Batı Raman Campus, 72100, Merkez/Batman",/UniversityTurkey/Detail?uId=104803,/StudySearch/ProgramList?uId=lLHJh/Myszk=,https://studyinturkeyvs.yok.gov.tr//PhotoAlbum//a44d363339024.jpg,../../Content/img/logo/104803.png
39,kır,KIRKLARELI UNIVERSITY,www.klu.edu.tr,Kayalı Campus Merkez / KIRKLARELİ,/UniversityTurkey/Detail?uId=118122,/StudySearch/ProgramList?uId=p6h3gZj4QCg=,https://studyinturkeyvs.yok.gov.tr//PhotoAlbum//62dc93fa19199.JPG,../../Content/img/logo/118122.png
70,kar,KARAMANOGLU MEHMETBEY UNIVERSITY,http://www.kmu.edu.tr,-,/UniversityTurkey/Detail?uId=117553,/StudySearch/ProgramList?uId=cnAR5zyZGms=,https://studyinturkeyvs.yok.gov.tr//PhotoAlbum//86ecd94694609.JPG,../../Content/img/logo/117553.png
57,sın,SINOP UNIVERSITY,https://www.sinop.edu.tr/,Korucuk Köyü Trafo Mahallesi No:36 57000 – SİNOP,/UniversityTurkey/Detail?uId=124805,/StudySearch/ProgramList?uId=YEzxBqdiB+c=,https://studyinturkeyvs.yok.gov.tr//PhotoAlbum//db179d0a61609.JPG,../../Content/img/logo/124805.png
47,mar,MARDIN ARTUKLU UNIVERSITY,http://www.artuklu.edu.tr,"Mardin Artuklu University Campus, Diyarbakır Yolu Üzeri, Artuklu - Mardin, Turkey",/UniversityTurkey/Detail?uId=118994,/StudySearch/ProgramList?uId=gku3XMYskRU=,https://studyinturkeyvs.yok.gov.tr//PhotoAlbum//33033d7561205.JPG,../../Content/img/logo/118994.png
78,kar,KARABUK UNIVERSITY,https://www.karabuk.edu.tr,-,/UniversityTurkey/Detail?uId=116950,/StudySearch/ProgramList?uId=z1IryKmdQkg=,https://studyinturkeyvs.yok.gov.tr//PhotoAlbum//294a5aa352196.jpg,../../Content/img/logo/116950.png
79,kıl,KILIS 7 ARALIK UNIVERSITY,http://www.kilis.edu.tr,Mehmet Sanlı Mah. Doğan Güreş Paşa Bul. No:134 KİLİS,/UniversityTurkey/Detail?uId=118186,/StudySearch/ProgramList?uId=Hl5GXkihJQg=,https://studyinturkeyvs.yok.gov.tr//PhotoAlbum//45e5b89d57139.JPG,../../Content/img/logo/118186.png
49,mus,MUS ALPARSLAN UNIVERSITY,http://www.alparslan.edu.tr,"Muş Alparslan University Complex, 49250- Güzeltepe/MUŞ",/UniversityTurkey/Detail?uId=121164,/StudySearch/ProgramList?uId=J58GT6DS+cI=,https://studyinturkeyvs.yok.gov.tr//PhotoAlbum//90f56dfb54113.JPG,../../Content/img/logo/121164.png
80,osm,OSMANIYE KORKUT ATA UNIVERSITY,www.oku.edu.tr,"Fakıuşağı Mahallesi, Karacaoğlan Yerleşkesi, Fakıuşağı Mah., 80000 Merkez/Osmaniye Merkez/Osmaniye",/UniversityTurkey/Detail?uId=122735,/StudySearch/ProgramList?uId=WNrovTzss0g=,https://studyinturkeyvs.yok.gov.tr//PhotoAlbum//755329f634442.jpg,../../Content/img/logo/122735.png
56,sıı,SIIRT UNIVERSITY,http://www.siirt.edu.tr/,-,/UniversityTurkey/Detail?uId=124703,/StudySearch/ProgramList?uId=fsfSTRfRwnk=,https://studyinturkeyvs.yok.gov.tr//PhotoAlbum//ff10376575148.JPG,../../Content/img/logo/124703.png
13,bıt,BITLIS EREN UNIVERSITY,http://www.bitliseren.edu.tr/,Rahva Yerleşkesi Beş Minare Mah. Ahmet Eren Bulvarı 13000 Merkez/Bitlis,/UniversityTurkey/Detail?uId=105248,/StudySearch/ProgramList?uId=MnPw9Rd+crU=,https://studyinturkeyvs.yok.gov.tr//PhotoAlbum//e58f12a685524.jpg,../../Content/img/logo/105248.png
12,bın,BINGOL UNIVERSITY,www.bingol.edu.tr,Selahaddin-i Eyyubi Mah. Üniversite Cad. No: 1 Postal Code: 12000 Bingöl/TURKEY,/UniversityTurkey/Detail?uId=105196,/StudySearch/ProgramList?uId=sW7QUzmW9Qg=,https://studyinturkeyvs.yok.gov.tr//PhotoAlbum//33d11f9f62681.JPG,../../Content/img/logo/105196.png
11,bıl,BILECIK SEYH EDEBALI UNIVERSITY,http://bilecik.edu.tr,-,/UniversityTurkey/Detail?uId=105024,/StudySearch/ProgramList?uId=Xa0nTlg/oQ0=,https://studyinturkeyvs.yok.gov.tr//PhotoAlbum//34cb0d5f28892.jpg,../../Content/img/logo/105024.png
18,can,CANKIRI KARATEKIN UNIVERSITY,https://karatekin.edu.tr,Uluyazı Campus Rektörlük Binası MERKEZ / ÇANKIRI,/UniversityTurkey/Detail?uId=107056,/StudySearch/ProgramList?uId=2npfnLT9ptQ=,https://studyinturkeyvs.yok.gov.tr//PhotoAlbum//4870ebdf93056.jpg,../../Content/img/logo/107056.png
50,nev,NEVSEHIR HACI BEKTAS VELI UNIVERSITY,https://www.nevsehir.edu.tr,2000 Evler Mah. Zübeyde Hanım Cad. 50300 / Nevşehir,/UniversityTurkey/Detail?uId=246224,/StudySearch/ProgramList?uId=olz8VmgTd4U=,https://studyinturkeyvs.yok.gov.tr//PhotoAlbum//4eeeb91999367.JPG,../../Content/img/logo/246224.png
4,agr,AGRI IBRAHIM CECEN UNIVERSITY,https://www.agri.edu.tr,AĞRI İBRAHİM ÇEÇEN ÜNİVERSİTESİ REKTÖRLÜĞÜ Erzurum Yolu 4. km. Merkez / AĞRI,/UniversityTurkey/Detail?uId=101313,/StudySearch/ProgramList?uId=LUzTOeKVDLE=,https://studyinturkeyvs.yok.gov.tr//PhotoAlbum//e946f24331286.jpg,../../Content/img/logo/101313.png
29,gum,GUMUSHANE UNIVERSITY,http://www.gumushane.edu.tr/,"Gümüşhane University, Gümüşhanevî Campus, Bağlarbaşı Mahallesi 29100 / Gümüşhane",/UniversityTurkey/Detail?uId=113023,/StudySearch/ProgramList?uId=OVJFrBS95+M=,https://studyinturkeyvs.yok.gov.tr//PhotoAlbum//41932ae582957.jpg,../../Content/img/logo/113023.png
76,ıgd,IGDIR UNIVERSITY,https://www.igdir.edu.tr,"Address: Şehit Bülent Yurtseven & Karaağaç Campus, 76000 Iğdır / Turkey",/UniversityTurkey/Detail?uId=114315,/StudySearch/ProgramList?uId=ji+zEQxAp9c=,https://studyinturkeyvs.yok.gov.tr//PhotoAlbum//8ac63ccd50154.JPG,../../Content/img/logo/114315.png
77,yal,YALOVA UNIVERSITY,http://www.yalova.edu.tr/,"Yalova University Central Campus, Çınarcık Yolu Üzeri 77200 Yalova",/UniversityTurkey/Detail?uId=126742,/StudySearch/ProgramList?uId=fuFresbEGDA=,https://studyinturkeyvs.yok.gov.tr//PhotoAlbum//64b3bb0c45729.jpg,../../Content/img/logo/126742.png
62,mun,MUNZUR UNIVERSITY,https://www.munzur.edu.tr,Munzur University Aktuluk Campus Merkez/TUNCELİ PK:62000,/UniversityTurkey/Detail?uId=307919,/StudySearch/ProgramList?uId=u0wBaVlRowE=,https://studyinturkeyvs.yok.gov.tr//PhotoAlbum//8f00c08715707.JPG,../../Content/img/logo/307919.png
75,ard,ARDAHAN UNIVERSITY,https://www.ardahan.edu.tr/,-,/UniversityTurkey/Detail?uId=103400,/StudySearch/ProgramList?uId=c4YiIMmmgzQ=,https://studyinturkeyvs.yok.gov.tr//PhotoAlbum//533efb6b88537.jpg,../../Content/img/logo/103400.png
69,bay,BAYBURT UNIVERSITY,www.bayburt.edu.tr,-,/UniversityTurkey/Detail?uId=104922,/StudySearch/ProgramList?uId=HZ9Unhh6G8E=,https://studyinturkeyvs.yok.gov.tr//PhotoAlbum//8e76222562296.jpeg,../../Content/img/logo/104922.png
73,sır,SIRNAK UNIVERSITY,https://www.sirnak.edu.tr,Yeni Mahalle Cizre Caddesi Mehmet Emin Acar Campus 73000 Şırnak - TURKEY,/UniversityTurkey/Detail?uId=125536,/StudySearch/ProgramList?uId=Uf7l9oJuMFE=,https://studyinturkeyvs.yok.gov.tr//PhotoAlbum//6d697e2c59587.jpg,../../Content/img/logo/125536.png
74,bar,BARTIN UNIVERSITY,https://w3.bartin.edu.tr/,-,/UniversityTurkey/Detail?uId=104578,/StudySearch/ProgramList?uId=93DzHnz8lbA=,https://studyinturkeyvs.yok.gov.tr//PhotoAlbum//1b2f388027776.jpg,../../Content/img/logo/104578.png
30,hak,HAKKARI UNIVERSITY,https://www.hakkari.edu.tr/,Kıran Mah. Zeynel Bey Yerleşkesi 30000 Merkez/Hakkari,/UniversityTurkey/Detail?uId=113681,/StudySearch/ProgramList?uId=vXdkOQYTPS4=,https://studyinturkeyvs.yok.gov.tr//PhotoAlbum//4db18d8414323.jpg,../../Content/img/logo/113681.png
16,bur,BURSA TECHNICAL UNIVERSITY,www.btu.edu.tr,Bursa Teknik University Mimar Sinan Yerleşkesi Mimar Sinan Mahallesi Mimar Sinan Bulvarı Eflak Caddesi No: 177 16310 Yıldırım / BURSA,/UniversityTurkey/Detail?uId=173494,/StudySearch/ProgramList?uId=CPfXyZ5dRYM=,https://studyinturkeyvs.yok.gov.tr//PhotoAlbum//56cc93e692503.jpg,../../Content/img/logo/173494.png
25,erz,ERZURUM TECHNICAL UNIVERSITY,https://www.erzurum.edu.tr/,Ömer Nasuhi Bilmen Mah. Havaalanı Yolu Cad. No:53 Yakutiye/ERZURUM,/UniversityTurkey/Detail?uId=173495,/StudySearch/ProgramList?uId=KL266NdDJKU=,https://studyinturkeyvs.yok.gov.tr//PhotoAlbum//0da3ed5b97675.jpg,../../Content/img/logo/173495.png
34,ıst,ISTANBUL MEDENIYET UNIVERSITY,https://www.medeniyet.edu.tr/en,"İstanbul Medeniyet University Dumlupınar Mahallesi, D-100 Karayolu No:98, 34000 Kadıköy/İstanbul",/UniversityTurkey/Detail?uId=173496,/StudySearch/ProgramList?uId=IYX+RVnM37I=,https://studyinturkeyvs.yok.gov.tr//PhotoAlbum//8a3f262588417.jpg,../../Content/img/logo/173496.png
35,ızm,IZMIR KATIP CELEBI UNIVERSITY,http://www.ikc.edu.tr/,-,/UniversityTurkey/Detail?uId=173498,/StudySearch/ProgramList?uId=YijISekQDXg=,https://studyinturkeyvs.yok.gov.tr//PhotoAlbum//8a11781993058.jpg,../../Content/img/logo/173498.png
38,abd,ABDULLAH GUL UNIVERSITY,http://www.agu.edu.tr/,"Abdullah Gül University, Sümer Campus, Erkilet Boulevard, 38080, Kocasinan, Kayseri, Turkey",/UniversityTurkey/Detail?uId=173499,/StudySearch/ProgramList?uId=LEvXCVdP2+0=,https://studyinturkeyvs.yok.gov.tr//PhotoAlbum//44517e3e18201.jpg,../../Content/img/logo/173499.png
6,ank,ANKARA YILDIRIM BEYAZIT UNIVERSITY,https://aybu.edu.tr/,-,/UniversityTurkey/Detail?uId=311737,/StudySearch/ProgramList?uId=7aZQQIs4vKE=,https://studyinturkeyvs.yok.gov.tr//PhotoAlbum//5a4ebf8128203.JPG,../../Content/img/logo/311737.png
34,tur,TURKISH - GERMAN UNIVERSITY,http://www.tau.edu.tr,-,/UniversityTurkey/Detail?uId=201784,/StudySearch/ProgramList?uId=g0Bpx8R8wz8=,https://studyinturkeyvs.yok.gov.tr//PhotoAlbum//c634bcf085112.png,../../Content/img/logo/201784.png
1,ada,ADANA ALPARSLAN TURKES SCIENCE AND TECHNOLOGY UNIVERSITY,https://www.atu.edu.tr,-,/UniversityTurkey/Detail?uId=385368,/StudySearch/ProgramList?uId=FLqT035zty8=,https://studyinturkeyvs.yok.gov.tr//PhotoAlbum//1481248e76471.jpg,../../Content/img/logo/385368.png
42,nec,NECMETTIN ERBAKAN UNIVERSITY,https://www.konya.edu.tr/,-,/UniversityTurkey/Detail?uId=173500,/StudySearch/ProgramList?uId=V6dGGYJbAEM=,https://studyinturkeyvs.yok.gov.tr//PhotoAlbum//3aa13fef80662.JPG,../../Content/img/logo/173500.png
6,soc,SOCIAL SCIENCES UNIVERSITY OF ANKARA,https://www.asbu.edu.tr,"Hükümet Meydanı No:2 06050 Ulus, Altındağ/ANKARA",/UniversityTurkey/Detail?uId=232846,/StudySearch/ProgramList?uId=fOEKCtMev4Q=,https://studyinturkeyvs.yok.gov.tr//PhotoAlbum//f2729e4657462.jpg,../../Content/img/logo/232846.png
34,unı,UNIVERSITY OF HEALTH SCIENCES,https://www.sbu.edu.tr/,-,/UniversityTurkey/Detail?uId=270121,/StudySearch/ProgramList?uId=fQ5D8tSDmSw=,https://studyinturkeyvs.yok.gov.tr//PhotoAlbum//41919bfd61722.jpg,../../Content/img/logo/270121.png
10,ban,BANDIRMA ONYEDI EYLUL UNIVERSITY,https://www.bandirma.edu.tr/,Bandırma Onyedi Eylül Üniversitesi Merkez Yerleşkesi 10200 Bandırma - BALIKESİR / TÜRKİYE,/UniversityTurkey/Detail?uId=274881,/StudySearch/ProgramList?uId=AH4Vz0DIqKU=,https://studyinturkeyvs.yok.gov.tr//PhotoAlbum//41d039df14652.JPG,../../Content/img/logo/274881.png
7,ala,ALANYA ALAADDIN KEYKUBAT UNIVERSITY,www.alanya.edu.tr,"Latitude:36.528859
Longitude:32.084156
Turkish Address:Kestel Neighbourhood University Street No:80 Alanya Antalya/TURKEY",/UniversityTurkey/Detail?uId=274883,/StudySearch/ProgramList?uId=II/8vPrCa9U=,https://studyinturkeyvs.yok.gov.tr//PhotoAlbum//172751eb90956.JPG,../../Content/img/logo/274883.png
31,ısk,ISKENDERUN TECHNICAL UNIVERSITY,http://iste.edu.tr,"Iskenderun Technical University, Central Campus, Iskenderun/Hatay",/UniversityTurkey/Detail?uId=274882,/StudySearch/ProgramList?uId=cS3EerC7Fu0=,https://studyinturkeyvs.yok.gov.tr//PhotoAlbum//2d0ad1d549048.jpeg,../../Content/img/logo/274882.png
35,ızm,IZMIR DEMOCRACY UNIVERSITY,http://www.idu.edu.tr,"Üçkuyular Mahallesi, Gürsel Aksel Bulvarı, No:14 35140 Karabağlar/İZMİR",/UniversityTurkey/Detail?uId=302685,/StudySearch/ProgramList?uId=7ct7JRZvNrY=,https://studyinturkeyvs.yok.gov.tr//PhotoAlbum//527df76e33169.JPG,../../Content/img/logo/302685.png
35,ızm,IZMIR BAKIRCAY UNIVERSITY,http://bakircay.edu.tr/tr/,-,/UniversityTurkey/Detail?uId=302686,/StudySearch/ProgramList?uId=XVdNZ6ykd30=,https://studyinturkeyvs.yok.gov.tr//PhotoAlbum//f945c59698504.jpg,../../Content/img/logo/302686.png
6,ank,ANKARA MUSIC AND FINE ARTS UNIVERSITY,http://www.mgu.edu.tr,"Turan Güneş Bulvarı, Yukarı Dikmen Mahallesi, 648. Cadde, No:4 06550 Oran-Çankaya/ANKARA",/UniversityTurkey/Detail?uId=324993,/StudySearch/ProgramList?uId=GDpWKMRq1zg=,https://studyinturkeyvs.yok.gov.tr//PhotoAlbum//f935efce21261.JPG,../../Content/img/logo/324993.png
58,siv,SİVAS UNIVERSITY OF SCIENCE AND TECHNOLOGY,https://www.sivas.edu.tr,-,/UniversityTurkey/Detail?uId=339990,/StudySearch/ProgramList?uId=mTFKsSiLSLc=,https://studyinturkeyvs.yok.gov.tr//PhotoAlbum//e5f2107962079.jpg,../../Content/img/logo/339990.png
33,tar,TARSUS UNIVERSITY,http://www.tarsus.edu.tr/,Kartaltepe Mah. Takbaş Köyü Mevkii 33400 Tarsus / MERSİN,/UniversityTurkey/Detail?uId=339991,/StudySearch/ProgramList?uId=2q759g42ljI=,https://studyinturkeyvs.yok.gov.tr//PhotoAlbum//eb1753f467366.JPG,../../Content/img/logo/339991.png
61,tra,TRABZON UNIVERSITY,http://trabzon.edu.tr/,"Rector's Office of Trabzon University, Söğütlü Street, Avenue of Adnan Kahveci, 61335 – Akçaabat-Trabzon / TURKEY",/UniversityTurkey/Detail?uId=339992,/StudySearch/ProgramList?uId=n9GuFs17H/E=,https://studyinturkeyvs.yok.gov.tr//PhotoAlbum//8e33e3c029887.JPG,../../Content/img/logo/339992.png
38,kay,KAYSERI UNIVERSITY,http://www.kayseri.edu.tr,-,/UniversityTurkey/Detail?uId=339993,/StudySearch/ProgramList?uId=6/UyopPq1T8=,https://studyinturkeyvs.yok.gov.tr//PhotoAlbum//16b7aa7884202.JPG,../../Content/img/logo/339993.png
27,gaz,GAZIANTEP ISLAM SCIENCE AND TECHNOLOGY UNIVERSITY,http://www.gibtu.edu.tr/,-,/UniversityTurkey/Detail?uId=384577,/StudySearch/ProgramList?uId=LZBFCeMdtyI=,https://studyinturkeyvs.yok.gov.tr//PhotoAlbum//de39c93572825.JPG,../../Content/img/logo/384577.png
55,sam,SAMSUN UNIVERSITY,http://samsun.edu.tr/,-,/UniversityTurkey/Detail?uId=339989,/StudySearch/ProgramList?uId=mM5ifhGrvvc=,/Content/img/no-image.png,../../Content/img/logo/339989.png
54,sak,SAKARYA UNIVERSITY OF APPLIED SCIENCES,http://www.subu.edu.tr,Sakarya University of Applied Sciences Serdivan/SAKARYA,/UniversityTurkey/Detail?uId=339988,/StudySearch/ProgramList?uId=6CgDj6PUcZo=,https://studyinturkeyvs.yok.gov.tr//PhotoAlbum//5052bf0216442.jpg,../../Content/img/logo/339988.png
6,ank,ANKARA HACI BAYRAM VELI UNIVERSITY,http://web.hacibayram.edu.tr/,Ankara Hacı Bayram Veli University Devlet Mahallesi 85.Cadde No:8 06570 Çankaya/ANKARA,/UniversityTurkey/Detail?uId=339985,/StudySearch/ProgramList?uId=lWyZTbPm9pY=,https://studyinturkeyvs.yok.gov.tr//PhotoAlbum//f3e3099590630.png,../../Content/img/logo/339985.png
44,mal,MALATYA TURGUT OZAL UNIVERSITY,http://www.ozal.edu.tr,Address : Alacakapı Mahallesi Kırkgöz Caddesi No:70 P.K. 44210 Battalgazi / MALATYA,/UniversityTurkey/Detail?uId=339983,/StudySearch/ProgramList?uId=NtP67vPR92g=,https://studyinturkeyvs.yok.gov.tr//PhotoAlbum//37b80d2784756.jpg,../../Content/img/logo/339983.png
43,kut,KUTAHYA HEALTH SCIENCES UNIVERSITY,https://www.ksbu.edu.tr,-,/UniversityTurkey/Detail?uId=339982,/StudySearch/ProgramList?uId=L5YzjUeGHng=,https://studyinturkeyvs.yok.gov.tr//PhotoAlbum//1b65cb5b59134.jpg,../../Content/img/logo/339982.png
42,kon,KONYA TECHNICAL UNIVERSITY,www.ktun.edu.tr,-,/UniversityTurkey/Detail?uId=339979,/StudySearch/ProgramList?uId=57DL/B5eoLc=,https://studyinturkeyvs.yok.gov.tr//PhotoAlbum//4344740828053.jpg,../../Content/img/logo/339979.png
32,ısp,ISPARTA UNIVERSITY OF APPLIED SCIENCES,https://www.isparta.edu.tr/en,-,/UniversityTurkey/Detail?uId=339998,/StudySearch/ProgramList?uId=Oa51j2lRH1Y=,https://studyinturkeyvs.yok.gov.tr//PhotoAlbum//b94da5f077131.png,../../Content/img/logo/339998.png
26,esk,ESKISEHIR TECHNICAL UNIVERSITY,https://www.eskisehir.edu.tr/,Eskişehir Teknik University İki Eylül Campus 26555 Tepebaşı / ESKİŞEHİR,/UniversityTurkey/Detail?uId=339997,/StudySearch/ProgramList?uId=hbTWxn6aTrc=,https://studyinturkeyvs.yok.gov.tr//PhotoAlbum//a8126a1076438.jpg,../../Content/img/logo/339997.png
46,kah,KAHRAMANMARAS ISTIKLAL UNIVERSITY,www.istiklal.edu.tr,"Kahramanmaraş Sütçü İmam University Rectorate, Avşar Mah. Batı Çevreyolu Blv. No: 251/A 46040 - Onikişubat/Kahramanmaraş",/UniversityTurkey/Detail?uId=339994,/StudySearch/ProgramList?uId=/I0O+9z6dFs=,https://studyinturkeyvs.yok.gov.tr//PhotoAlbum//1ecf515244823.jpg,../../Content/img/logo/339994.png
3,afy,AFYONKARAHISAR HEALTH SCIENCES UNIVERSITY,https://afsu.edu.tr,-,/UniversityTurkey/Detail?uId=339999,/StudySearch/ProgramList?uId=Wj1m0jCg8ag=,https://studyinturkeyvs.yok.gov.tr//PhotoAlbum//efa6d00184358.png,../../Content/img/logo/339999.png
6,ıhs,IHSAN DOGRAMACI BILKENT UNIVERSITY,http://w3.bilkent.edu.tr/bilkent/,"Üniversiteler Mahallesi, 06800 Çankaya/ANKARA",/UniversityTurkey/Detail?uId=105118,/StudySearch/ProgramList?uId=5GN1DrvKv7s=,https://studyinturkeyvs.yok.gov.tr//PhotoAlbum//0d98318873279.jpg,../../Content/img/logo/105118.png
34,koc,KOC UNIVERSITY,https://www.ku.edu.tr/,Koç University İstinye Campus Çayır Caddesi No: 65 34460 İstinye / İstanbul,/UniversityTurkey/Detail?uId=118853,/StudySearch/ProgramList?uId=X62QGvbdHbM=,https://studyinturkeyvs.yok.gov.tr//PhotoAlbum//fb1ab90f65414.jpg,../../Content/img/logo/118853.png
6,bas,BASKENT UNIVERSITY,https://www.baskent.edu.tr/tr/,Bağlıca Campus Fatih Sultan Mahallesi Eskişehir Yolu 18.km TR 06790 Etimesgut Ankara,/UniversityTurkey/Detail?uId=104628,/StudySearch/ProgramList?uId=dkCBZX/5U3g=,https://studyinturkeyvs.yok.gov.tr//PhotoAlbum//d0a1279b47286.jpg,../../Content/img/logo/104628.png
34,ıst,ISTANBUL BILGI UNIVERSITY,https://www.bilgi.edu.tr/,santralistanbul Eski Silahtarağa Elektrik Santralı Kazım Karabekir Cad. No: 2/13 34060 Eyüpsultan İstanbul,/UniversityTurkey/Detail?uId=114907,/StudySearch/ProgramList?uId=KRtN2NcWvFg=,https://studyinturkeyvs.yok.gov.tr//PhotoAlbum//44f524e017597.jpg,../../Content/img/logo/114907.png
34,yed,YEDITEPE UNIVERSITY,http://www.yeditepe.edu.tr/en,İnönü Mah. Kayışdağı Cad. 26 Ağustos Yerleşimi 34755 Ataşehir - İstanbul,/UniversityTurkey/Detail?uId=126818,/StudySearch/ProgramList?uId=UX6j3MddDug=,https://studyinturkeyvs.yok.gov.tr//PhotoAlbum//78a304c636845.JPG,../../Content/img/logo/126818.png
34,ısı,ISIK UNIVERSITY,http://www.isikun.edu.tr/,-,/UniversityTurkey/Detail?uId=114385,/StudySearch/ProgramList?uId=J39zdPlfVrg=,https://studyinturkeyvs.yok.gov.tr//PhotoAlbum//651e699646480.JPG,../../Content/img/logo/114385.png
34,sab,SABANCI UNIVERSITY,https://www.sabanciuniv.edu/en/,-,/UniversityTurkey/Detail?uId=123400,/StudySearch/ProgramList?uId=d9mHH9HEJhs=,https://studyinturkeyvs.yok.gov.tr//PhotoAlbum//172978ab27916.jpg,../../Content/img/logo/123400.png
34,kad,KADIR HAS UNIVERSITY,http://international.khas.edu.tr/,Kadir Has University Kadir Has Campus (Cibali) Cibali Mah. Hisaraltı Cad. No:17 Fatih / İSTANBUL 34083,/UniversityTurkey/Detail?uId=116281,/StudySearch/ProgramList?uId=o34ChtLaiwg=,https://studyinturkeyvs.yok.gov.tr//PhotoAlbum//d087abf375716.jpg,../../Content/img/logo/116281.png
34,ıst,ISTANBUL KULTUR UNIVERSITY,https://www.iku.edu.tr/tr/istanbulkulturuniversitesi,"Ataköy 7-8-9-10 Mahallesi, E5 Karayolu üzeri, 34158 / Bakırköy /İstanbul",/UniversityTurkey/Detail?uId=115022,/StudySearch/ProgramList?uId=Tq3dM08HWzQ=,https://studyinturkeyvs.yok.gov.tr//PhotoAlbum//5cf2d2a832381.JPG,../../Content/img/logo/115022.png
33,cag,CAG UNIVERSITY,https://www.cag.edu.tr/,Çağ University Yaşar Bayboğan Campus Adana-Mersin Karayolu üzeri 33800 Yenice/MERSİN,/UniversityTurkey/Detail?uId=106499,/StudySearch/ProgramList?uId=dm8gNdhTyCk=,https://studyinturkeyvs.yok.gov.tr//PhotoAlbum//f8825f0918485.jpg,../../Content/img/logo/106499.png
6,can,CANKAYA UNIVERSITY,http://www.cankaya.edu.tr/duyuru/servis.php,"Central Campus: Eskişehir Yolu 29. Km, Yukarıyurtçu Mahallesi Mimar Sinan Caddesi No:4 06790, Etimesgut/ANKARA",/UniversityTurkey/Detail?uId=107012,/StudySearch/ProgramList?uId=ege6I/esOK4=,https://studyinturkeyvs.yok.gov.tr//PhotoAlbum//8ca6bc2b85766.JPG,../../Content/img/logo/107012.png
34,dog,DOGUS UNIVERSITY,https://www.dogus.edu.tr/,"Doğuş Üniversitesi, Dudullu Yerleşkesi
Esenkent Mh, Nato Yolu Cd No: 265, 34775
Ümraniye/İstanbul",/UniversityTurkey/Detail?uId=108112,/StudySearch/ProgramList?uId=U89uv3ptoS4=,https://studyinturkeyvs.yok.gov.tr//PhotoAlbum//780d707139046.jpg,../../Content/img/logo/108112.png
34,ıst,ISTANBUL BEYKENT UNIVERSITY,"target=""_blank""",,/UniversityTurkey/Detail?uId=448766,/StudySearch/ProgramList?uId=GofRQRvY79o=,/Content/img/no-image.png,../../Content/img/logo/448766.png
6,atı,ATILIM UNIVERSITY,www.atilim.edu.tr,-,/UniversityTurkey/Detail?uId=104090,/StudySearch/ProgramList?uId=yjXruEJwAxs=,null,../../Content/img/logo/104090.png
34,mal,MALTEPE UNIVERSITY,https://www.maltepe.edu.tr,Marmara Eğitim Köyü Maltepe University 34857 Maltepe/Istanbul,/UniversityTurkey/Detail?uId=118883,/StudySearch/ProgramList?uId=dJAP2SjcdQc=,https://studyinturkeyvs.yok.gov.tr//PhotoAlbum//8a87b20f76603.jpg,../../Content/img/logo/118883.png
34,hal,HALIC UNIVERSITY,www.halic.edu.tr,"5. Levent District, 15 July Martyrs Avenue, No: 14/12 34060 Eyüpsultan İSTANBUL",/UniversityTurkey/Detail?uId=113699,/StudySearch/ProgramList?uId=lT0F/Zvs1rw=,/Content/img/no-image.png,../../Content/img/logo/113699.png
34,bah,BAHCESEHIR UNIVERSITY,https://int.bau.edu.tr,"Çırağan Caddesi Osmanpaşa Mektebi Sokak No: 4 - 6 34353 Beşiktaş, İSTANBUL / TURKEY",/UniversityTurkey/Detail?uId=104140,/StudySearch/ProgramList?uId=9LuOYuaLwpk=,https://studyinturkeyvs.yok.gov.tr//PhotoAlbum//eeeee55498083.jpg,../../Content/img/logo/104140.png
6,ufu,UFUK UNIVERSITY,https://www.ufuk.edu.tr/,-,/UniversityTurkey/Detail?uId=125968,/StudySearch/ProgramList?uId=7cZqNKGoD0c=,https://studyinturkeyvs.yok.gov.tr//PhotoAlbum//b822a54869019.jpg,../../Content/img/logo/125968.png
34,ıst,ISTANBUL OKAN UNIVERSITY,https://www.okan.edu.tr/,-,/UniversityTurkey/Detail?uId=360777,/StudySearch/ProgramList?uId=s4jr+Z2L1y4=,https://studyinturkeyvs.yok.gov.tr//PhotoAlbum//44ec251051142.JPG,../../Content/img/logo/360777.png
35,ızm,IZMIR UNIVERSITY OF ECONOMICS,http://www.ieu.edu.tr/tr,"İzmir Ekonomi University Sakarya Caddesi, No:156 35330 Balçova - İzmir / TURKEY",/UniversityTurkey/Detail?uId=116147,/StudySearch/ProgramList?uId=d6K5iUnyrjk=,https://studyinturkeyvs.yok.gov.tr//PhotoAlbum//79e9f00990957.jpg,../../Content/img/logo/116147.png
35,yas,YASAR UNIVERSITY,https://www.yasar.edu.tr/,"Yaşar Üniversitesi Selçuk Yaşar Kampüsü Üniversite Caddesi, No:37-39, Ağaçlı Yol, Bornova, İzmir PK. 35100",/UniversityTurkey/Detail?uId=126773,/StudySearch/ProgramList?uId=ajis7sBTfn4=,https://studyinturkeyvs.yok.gov.tr//PhotoAlbum//b07df97a75480.JPG,../../Content/img/logo/126773.png
34,ıst,ISTANBUL COMMERCE UNIVERSITY,https://ticaret.edu.tr,Sütlüce Campus Address : Örnektepe Mah. İmrahor Cad. No: 88/2 Beyoğlu/İstanbul,/UniversityTurkey/Detail?uId=115335,/StudySearch/ProgramList?uId=X7oA3W4y1H8=,https://studyinturkeyvs.yok.gov.tr//PhotoAlbum//68db25f820664.JPG,../../Content/img/logo/115335.png
6,tob,TOBB UNIVERSITY OF ECONOMICS AND TECHNOLOGY,https://www.etu.edu.tr/tr,-,/UniversityTurkey/Detail?uId=125552,/StudySearch/ProgramList?uId=8Lb3WoFWkuA=,https://studyinturkeyvs.yok.gov.tr//PhotoAlbum//0f99b7d431042.jpg,../../Content/img/logo/125552.png
50,cap,CAPPADOCIA UNIVERSITY,https://www.kapadokya.edu.tr/,"Üniversite Meydanı No.2, Mustafapaşa Köyü, Kapadokya Yerleşkesi, 50420 Ürgüp/Nevşehir",/UniversityTurkey/Detail?uId=325756,/StudySearch/ProgramList?uId=rc+t3i84Kls=,https://studyinturkeyvs.yok.gov.tr//PhotoAlbum//fb44e79e64870.jpg,../../Content/img/logo/325756.png
34,dem,DEMİROĞLU BİLİM UNIVERSITY,https://demiroglu.bilim.edu.tr/,-,/UniversityTurkey/Detail?uId=384591,/StudySearch/ProgramList?uId=YkBWG50cq3o=,https://studyinturkeyvs.yok.gov.tr//PhotoAlbum//ff78db3c78567.jpg,../../Content/img/logo/384591.png
34,acı,ACIBADEM MEHMET ALI AYDINLAR UNIVERSITY,www.acibadem.edu.tr,-,/UniversityTurkey/Detail?uId=326654,/StudySearch/ProgramList?uId=hKaU2FpMf1I=,https://studyinturkeyvs.yok.gov.tr//PhotoAlbum//d9d0c68360160.JPG,../../Content/img/logo/326654.png
34,ıst,ISTANBUL AREL UNIVERSITY,https://www.arel.edu.tr,Türkoba Mahallesi Erguvan Sokak No:26 / K 34537 Tepekent - Büyükçekmece İstanbul-Turkey,/UniversityTurkey/Detail?uId=114773,/StudySearch/ProgramList?uId=zUPs80dtgP4=,https://studyinturkeyvs.yok.gov.tr//PhotoAlbum//a6f4dab615261.jpg,../../Content/img/logo/114773.png
34,ıst,ISTANBUL AYDIN UNIVERSITY,https://www.aydin.edu.tr,Istanbul Aydin University Halit Aydın Campus No:38 Sefaköy–Küçükçekmece 34295 ISTANBUL,/UniversityTurkey/Detail?uId=114827,/StudySearch/ProgramList?uId=mRGlOBcy52g=,https://studyinturkeyvs.yok.gov.tr//PhotoAlbum//bdb0919288689.jpg,../../Content/img/logo/114827.png
34,ozy,OZYEGIN UNIVERSITY,https://www.ozyegin.edu.tr/,Özyeğin University Çekmeköy Campus Nişantepe Mah. Orman Sok. 34794 Çekmeköy - İSTANBUL,/UniversityTurkey/Detail?uId=122827,/StudySearch/ProgramList?uId=IRu4DhSFHKI=,https://studyinturkeyvs.yok.gov.tr//PhotoAlbum//840e52c228312.jpg,../../Content/img/logo/122827.png
34,pır,PIRI REIS UNIVERSITY,https://www.pirireis.edu.tr/,"Contact Information The Piri Reis University Seaside Campus Postane Mahallesi, Eatun Sk. No:8, 34940 Tuzla/İSTANBUL Phone: +90 216 581 0050 Fax: +90 216 581 0051 (General) +90 216 581 0041 (Rectorate) E-mail: bilgi@pirireis.edu.tr Piri Reis University Prep. Campus İstasyon Mah. Hakim Sk. No:3, 34940 Tuzla/İSTANBUL Phone: +90 216 581 0050 Fax: +90 216 581 0051; E-mail: bilgi@pirireis.edu.tr",/UniversityTurkey/Detail?uId=136233,/StudySearch/ProgramList?uId=5bIecVuRR9s=,https://studyinturkeyvs.yok.gov.tr//PhotoAlbum//cad811a542670.jpg,../../Content/img/logo/136233.png
34,alt,ALTINBAS UNIVERSITY,http://www.altinbas.edu.tr/tr,-,/UniversityTurkey/Detail?uId=326019,/StudySearch/ProgramList?uId=l1usj+1oy2k=,https://studyinturkeyvs.yok.gov.tr//PhotoAlbum//3b30de4282454.jpeg,../../Content/img/logo/326019.png
27,has,HASAN KALYONCU UNIVERSITY,https://www.hku.edu.tr,"Şahinbey Mahallesi, Havalimanı Yolu 8.Km, 27000 Şahinbey/Gaziantep",/UniversityTurkey/Detail?uId=138586,/StudySearch/ProgramList?uId=zjtyFnuG4hU=,https://studyinturkeyvs.yok.gov.tr//PhotoAlbum//4226cf7825842.png,../../Content/img/logo/138586.png
34,ıst,ISTANBUL YENI YUZYIL UNIVERSITY,http://www.yeniyuzyil.edu.tr/,"Republic of Turkey İstanbul Yeni Yüzyıl University Topkapı Dr. Azmi Ofluoğlu Campus Maltepe Mahallesi, Yılanlı Ayazma Caddesi, No: 26 P.K. 34010 Cevizlibağ / Zeytinburnu / İstanbul",/UniversityTurkey/Detail?uId=315415,/StudySearch/ProgramList?uId=ABQFaU93fqo=,https://studyinturkeyvs.yok.gov.tr//PhotoAlbum//3810d48389177.jpg,../../Content/img/logo/315415.png
6,ted,TED UNIVERSITY,https://www.tedu.edu.tr/tr,"TED University, Ziya Gökalp Street No: 47 - 48  Kolej, 06420, Çankaya / ANKARA",/UniversityTurkey/Detail?uId=163892,/StudySearch/ProgramList?uId=NntMe5XYkqI=,null,../../Content/img/logo/163892.png
38,nuh,NUH NACI YAZGAN UNIVERSITY,www.nny.edu.tr,Ertuğrul Gazi Mah. Nuh Naci Yazgan Yerleşkesi Küme Evler Kocasinan/KAYSERİ,/UniversityTurkey/Detail?uId=163891,/StudySearch/ProgramList?uId=SwxvkUvUTkU=,https://studyinturkeyvs.yok.gov.tr//PhotoAlbum//40b8328b42731.jpg,../../Content/img/logo/163891.png
33,tor,TOROS UNIVERSITY,www.toros.edu.tr,"Bahçelievler Campus, 1857 Sokak, No:12, 33140 Yenişehir/Mersin, Türkiye",/UniversityTurkey/Detail?uId=163889,/StudySearch/ProgramList?uId=ee97jtWchVk=,https://studyinturkeyvs.yok.gov.tr//PhotoAlbum//f50d8c7f60182.JPG,../../Content/img/logo/163889.png
34,ıst,ISTANBUL MEDIPOL UNIVERSITY,http://www.medipol.edu.tr/Default.aspx,İstanbul Medipol University Kavacık Mahallesi Ekinciler Caddesi No:19 34810 Beykoz-ISTANBUL,/UniversityTurkey/Detail?uId=163888,/StudySearch/ProgramList?uId=pir/XUqlYVQ=,https://studyinturkeyvs.yok.gov.tr//PhotoAlbum//35a5ce5222363.jpg,../../Content/img/logo/163888.png
42,kto,KTO KARATAY UNIVERSITY,https://www.karatay.edu.tr/,Akabe Mah. Alaaddin Kap Cad. No:130 Karatay KONYA,/UniversityTurkey/Detail?uId=166433,/StudySearch/ProgramList?uId=IjALoHFEi3o=,https://studyinturkeyvs.yok.gov.tr//PhotoAlbum//1694f81678649.JPG,../../Content/img/logo/166433.png
34,ıst,ISTANBUL NISANTASI UNIVERSITY,"target=""_blank""",,/UniversityTurkey/Detail?uId=447904,/StudySearch/ProgramList?uId=rKB4BqFM5QU=,/Content/img/no-image.png,../../Content/img/logo/447904.png
34,fat,FATIH SULTAN MEHMET VAKIF UNIVERSITY,www.fsm.edu.tr,HALIÇ CAMPUS Sütlüce Mah. Karaağaç Cad. No:12/A Beyoğlu / ISTANBUL,/UniversityTurkey/Detail?uId=163897,/StudySearch/ProgramList?uId=By0yWfp37tw=,https://studyinturkeyvs.yok.gov.tr//PhotoAlbum//6226293197625.jpg,../../Content/img/logo/163897.png
34,ıst,ISTANBUL SABAHATTIN ZAIM UNIVERSITY,https://www.izu.edu.tr/,Halkalı Cad. No: 281 Halkalı Küçükçekmece / İSTANBUL 34303,/UniversityTurkey/Detail?uId=163898,/StudySearch/ProgramList?uId=tDVWHt0bOmk=,https://studyinturkeyvs.yok.gov.tr//PhotoAlbum//40fc825d42868.JPG,../../Content/img/logo/163898.png
34,ıst,ISTANBUL 29 MAYIS UNIVERSITY,www.29mayis.edu.tr,-,/UniversityTurkey/Detail?uId=163900,/StudySearch/ProgramList?uId=V6fmqtKo8Ds=,https://studyinturkeyvs.yok.gov.tr//PhotoAlbum//6d7b4dc486611.jpg,../../Content/img/logo/163900.png
34,bez,BEZMI ALEM FOUNDATION UNIVERSITY,https://bezmialem.edu.tr,-,/UniversityTurkey/Detail?uId=163894,/StudySearch/ProgramList?uId=p78sXYOFPXM=,https://studyinturkeyvs.yok.gov.tr//PhotoAlbum//0adb0fa873948.png,../../Content/img/logo/163894.png
7,ant,ANTALYA BILIM UNIVERSITY,https://antalya.edu.tr/en,Çıplaklı Mah. Akdeniz Bulvarı No:290 A Döşemealtı/Antalya,/UniversityTurkey/Detail?uId=327022,/StudySearch/ProgramList?uId=oYtvMUTVWa0=,https://studyinturkeyvs.yok.gov.tr//PhotoAlbum//5337c46b70885.JPG,../../Content/img/logo/327022.png
61,unı,UNIVERSITY OF EURASIA,www.avrasya.edu.tr,"Republic of Turkey Avrasya Üniversitesi Rektörlüğü Adnan Kahveci Mahallesi Rize caddesi, No:226 TRABZON / TURKEY",/UniversityTurkey/Detail?uId=205351,/StudySearch/ProgramList?uId=6uAjofulLbE=,https://studyinturkeyvs.yok.gov.tr//PhotoAlbum//f5372a6d28184.JPG,../../Content/img/logo/205351.png
34,ıst,ISTANBUL GELISIM UNIVERSITY,https://gelisim.edu.tr/,Cihangir Mahallesi Şehit Jandarma Komando Er Hakan Öner Sk. No:1 Avcılar / İSTANBUL,/UniversityTurkey/Detail?uId=130959,/StudySearch/ProgramList?uId=7glroUNfxmQ=,https://studyinturkeyvs.yok.gov.tr//PhotoAlbum//5c623b6031692.JPG,../../Content/img/logo/130959.png
34,usk,USKUDAR UNIVERSITY,https://international.uskudar.edu.tr/,-,/UniversityTurkey/Detail?uId=206795,/StudySearch/ProgramList?uId=zD8EgaT95BM=,https://studyinturkeyvs.yok.gov.tr//PhotoAlbum//ee0434e596927.jpg,../../Content/img/logo/206795.png
6,unı,UNIVERSITY OF TURKISH AERONAUTICAL ASSOCIATION,http://www.thk.edu.tr,Bahçekapı Mah. Okul Sk. No:11 06790 Etimesgut/ANKARA,/UniversityTurkey/Detail?uId=203267,/StudySearch/ProgramList?uId=Bycr3yrqNVo=,https://studyinturkeyvs.yok.gov.tr//PhotoAlbum//fe9d3a8523902.jpg,../../Content/img/logo/203267.png
7,ala,ALANYA UNIVERSITY,"target=""_blank""",,/UniversityTurkey/Detail?uId=447835,/StudySearch/ProgramList?uId=Kt7OzsAHSsM=,/Content/img/no-image.png,../../Content/img/logo/447835.png
34,ıst,ISTANBUL GEDIK UNIVERSITY,https://www.gedik.edu.tr/,Cumhuriyet Mahallesi İlkbahar Sokak No: 1-3-5 Yakacık 34876 Kartal İstanbul,/UniversityTurkey/Detail?uId=315098,/StudySearch/ProgramList?uId=3dM3s+E/cEI=,https://studyinturkeyvs.yok.gov.tr//PhotoAlbum//dd16e3cd15343.jpg,../../Content/img/logo/315098.png
34,mef,MEF UNIVERSITY,http://www.mef.edu.tr,-,/UniversityTurkey/Detail?uId=215913,/StudySearch/ProgramList?uId=o2l6qN3bzCY=,https://studyinturkeyvs.yok.gov.tr//PhotoAlbum//f665875a82447.jpg,../../Content/img/logo/215913.png
42,kon,KONYA FOOD AND AGRICULTURE UNIVERSITY,www.gidatarim.edu.tr,"Main Campus Dede Korkut Mah. Beyşehir Cad. No:9 42080 Meram / KONYA Ankara Office Balgat Mahallesi, Mevlana Bulvarı No:139/19 (Yelken Plaza) Çankaya/ANKARA",/UniversityTurkey/Detail?uId=241176,/StudySearch/ProgramList?uId=32n2Pxnrjtw=,https://studyinturkeyvs.yok.gov.tr//PhotoAlbum//79a12d9880708.jpg,../../Content/img/logo/241176.png
34,ıst,ISTANBUL ESENYURT UNIVERSITY,www.esenyurt.edu.tr,"İncirtepe Mahallesi, Doğan Araslı Blv No:79, 34510 Esenyurt/İstanbul",/UniversityTurkey/Detail?uId=241174,/StudySearch/ProgramList?uId=wGvTHbbbVR0=,https://studyinturkeyvs.yok.gov.tr//PhotoAlbum//8a24c10092790.JPG,../../Content/img/logo/241174.png
27,san,SANKO UNIVERSITY,www.sanko.edu.tr,-,/UniversityTurkey/Detail?uId=241177,/StudySearch/ProgramList?uId=y1zYZz9q+XA=,https://studyinturkeyvs.yok.gov.tr//PhotoAlbum//62aca49322426.jpg,../../Content/img/logo/241177.png
6,yuk,YUKSEK IHTISAS UNIVERSITY,yuksekihtisasuniversitesi.edu.tr,"Oğuzlar Mah. 1375. Sk. No: 8 06520 Balgat /Ankara
Phone:+90 312 329 1010
e-mail address: yiu@yiu.edu.tr
 
 
 
 
Faculty of Health Sciences: (Sağlık Bilimleri Fakültesi)
 
Oğuzlar Mah. 1377 sk.No:21 06520 Balgat /Ankara
 
Phone:+90 312 286 36 01
Fax: +90 312 286 36 05
e-mail address: sbfdekanlik@yiu.edu.tr
 
 
 
Vocational School of Health Services (Sağlık Hizmetleri Meslek Yüksekokulu)
 
Karakaya Mah. Bağlum Blv.No:1 06291 Keçiören /ANKARA
Phone:+90 312 329 74 25
Fax: +90 312 329 14 21
e-mail address: shmyomudurluk@yiu.edu.tr",/UniversityTurkey/Detail?uId=206792,/StudySearch/ProgramList?uId=qcMs92eU9e4=,https://studyinturkeyvs.yok.gov.tr//PhotoAlbum//9ff10f6883686.jpg,../../Content/img/logo/206792.png
34,bır,BIRUNI UNIVERSITY,https://www.biruni.edu.tr/,-,/UniversityTurkey/Detail?uId=251241,/StudySearch/ProgramList?uId=fcFM8ssheo0=,https://studyinturkeyvs.yok.gov.tr//PhotoAlbum//accf03b147033.jpg,../../Content/img/logo/251241.png
34,ıst,ISTINYE UNIVERSITY,https://www.istinye.edu.tr/,"Topkapı Campus:
Maltepe Mah., Edirne Çırpıcı Yolu, No.9 Zeytinburnu, İstanbul 

Vadi Istanbul Campus:
Ayazağa Mah. Azerbaycan Cad. (Vadistanbul 4A Blok) 34396 Sarıyer/İstanbul",/UniversityTurkey/Detail?uId=274888,/StudySearch/ProgramList?uId=ptsCFJO4lc4=,https://studyinturkeyvs.yok.gov.tr//PhotoAlbum//31a847c060994.jpg,../../Content/img/logo/274888.png
34,ıbn,IBN HALDUN UNIVERSITY,http://www.ihu.edu.tr/,"Kayabaşı Mahallesi, Ulubatlı Hasan Caddesi, No.2 34494 Başakşehir / İstanbul",/UniversityTurkey/Detail?uId=274887,/StudySearch/ProgramList?uId=x0YfIRilg2M=,https://studyinturkeyvs.yok.gov.tr//PhotoAlbum//aa7d81c873236.JPG,../../Content/img/logo/274887.png
34,ıst,ISTANBUL RUMELI UNIVERSITY,http://rumeli.edu.tr/tr,Mehmet Balcı Campus: Yeni Mah. Mehmet Silivrili Cad. No: 38 İstanbul / TÜRKİYE,/UniversityTurkey/Detail?uId=274886,/StudySearch/ProgramList?uId=0AbO7mVbfic=,https://studyinturkeyvs.yok.gov.tr//PhotoAlbum//52c8f99f24719.jpg,../../Content/img/logo/274886.png
7,ant,ANTALYA BELEK UNIVERSITY,"target=""_blank""",,/UniversityTurkey/Detail?uId=447662,/StudySearch/ProgramList?uId=v7Am2/IlG9E=,/Content/img/no-image.png,../../Content/img/logo/447662.png
34,ıst,ISTANBUL KENT UNIVERSITY,http://www.kent.edu.tr/,"İstanbul Kent University Taksim Campus, Cihangir Mahallesi, Sıraselviler Caddesi, No:71, 34433, Beyoğlu İSTANBUL",/UniversityTurkey/Detail?uId=302687,/StudySearch/ProgramList?uId=lY72Y5JEYmY=,https://studyinturkeyvs.yok.gov.tr//PhotoAlbum//5eae8ba477665.jpg,../../Content/img/logo/302687.png
34,bey,BEYKOZ UNIVERSITY,https://int.beykoz.edu.tr/,"Orhan Veli Kanık Caddesi No:114, 34810 Kavacık-Beykoz/İstanbul",/UniversityTurkey/Detail?uId=306383,/StudySearch/ProgramList?uId=uOgSmCU4PfY=,https://studyinturkeyvs.yok.gov.tr//PhotoAlbum//70767e1c14429.jpg,../../Content/img/logo/306383.png
34,ıst,ISTANBUL TOPKAPI UNIVERSITY,"target=""_blank""",,/UniversityTurkey/Detail?uId=440213,/StudySearch/ProgramList?uId=Q7XN+00H934=,/Content/img/no-image.png,../../Content/img/logo/440213.png
34,fen,FENERBAHCE UNIVERSITY,www.fbu.edu.tr,-,/UniversityTurkey/Detail?uId=310017,/StudySearch/ProgramList?uId=ZTJmYV0CBwU=,https://studyinturkeyvs.yok.gov.tr//PhotoAlbum//a32b2d2974780.png,../../Content/img/logo/310017.png
6,ost,OSTIM TECHNICAL UNIVERSITY,https://www.ostimteknik.edu.tr,-,/UniversityTurkey/Detail?uId=324992,/StudySearch/ProgramList?uId=kmv9Y3bxJKI=,/Content/img/no-image.png,../../Content/img/logo/324992.png
6,lok,LOKMAN HEKIM UNIVERSITY,https://www.lokmanhekim.edu.tr/,Söğütözü Mh. 2179 Cd. No: 6 Çankaya / ANKARA,/UniversityTurkey/Detail?uId=332474,/StudySearch/ProgramList?uId=508dtnUogsk=,https://studyinturkeyvs.yok.gov.tr//PhotoAlbum//c9cb4aba57810.JPG,../../Content/img/logo/332474.png
34,ıst,ISTANBUL ATLAS UNIVERSITY,www.atlas.edu.tr,Anadolu Street No:40 KAGITHANE/ISTANBUL,/UniversityTurkey/Detail?uId=339995,/StudySearch/ProgramList?uId=u5yms7y4nHk=,https://studyinturkeyvs.yok.gov.tr//PhotoAlbum//7eafc5ac56841.JPG,../../Content/img/logo/339995.png
35,ızm,IZMIR TINAZTEPE UNIVERSITY,www.tinaztepe.edu.tr,-,/UniversityTurkey/Detail?uId=339996,/StudySearch/ProgramList?uId=LYv5vzLdYKg=,https://studyinturkeyvs.yok.gov.tr//PhotoAlbum//cf34c04980617.jpg,../../Content/img/logo/339996.png
6,ank,ANKARA MEDIPOL UNIVERSITY,www.ankaramedipol.edu.tr,-,/UniversityTurkey/Detail?uId=340001,/StudySearch/ProgramList?uId=oDEzdSzUCOs=,https://studyinturkeyvs.yok.gov.tr//PhotoAlbum//ba33d2dc15800.png,../../Content/img/logo/340001.png
34,ıst,ISTANBUL HEALTH AND TECHNOLOGY UNIVERSITY,https://www.istun.edu.tr/,-,/UniversityTurkey/Detail?uId=410560,/StudySearch/ProgramList?uId=E53uyudu20o=,https://studyinturkeyvs.yok.gov.tr//PhotoAlbum//8134c2c329129.jpg,../../Content/img/logo/410560.png
34,ıst,ISTANBUL GALATA UNIVERSITY,https://galata.edu.tr/,-,/UniversityTurkey/Detail?uId=391144,/StudySearch/ProgramList?uId=f7PAxSKHr4k=,https://studyinturkeyvs.yok.gov.tr//PhotoAlbum//c0206de514051.jpg,../../Content/img/logo/391144.png
6,ank,ANKARA SCIENCE UNIVERSITY,"target=""_blank""",,/UniversityTurkey/Detail?uId=411762,/StudySearch/ProgramList?uId=p8s9zjIkobE=,/Content/img/no-image.png,../../Content/img/logo/411762.png
41,koc,KOCAELI HEALTH AND TECHNOLOGY UNIVERSITY,"target=""_blank""",,/UniversityTurkey/Detail?uId=411763,/StudySearch/ProgramList?uId=nE/Ms5oitpk=,/Content/img/no-image.png,../../Content/img/logo/411763.png
16,mud,MUDANYA UNIVERSITY,https://mudanya.edu.tr/aday_ogrenci,-,/UniversityTurkey/Detail?uId=442563,/StudySearch/ProgramList?uId=HPjR5LPtchw=,https://studyinturkeyvs.yok.gov.tr//PhotoAlbum//4ccbcc1387515.jpg,../../Content/img/logo/442563.png
35,ızm,IZMIR KAVRAM VOCATIONAL COLLEGE OF HIGHER EDUCATION,http://www.kavram.edu.tr,OĞUZLAR MAH. 1251/2 SOK. NO:8 35320 KONAK/İZMİR,/UniversityTurkey/Detail?uId=334490,/StudySearch/ProgramList?uId=46WEkVVIU8c=,https://studyinturkeyvs.yok.gov.tr//PhotoAlbum//3ff0b06938672.jpg,../../Content/img/logo/334490.png
34,ıst,ISTANBUL VOCATIONAL SCHOOL OF HEALTH AND SOCIAL SCIENCES,"target=""_blank""",,/UniversityTurkey/Detail?uId=432690,/StudySearch/ProgramList?uId=OMw/TE5mlHk=,/Content/img/no-image.png,../../Content/img/logo/432690.png
34,ıst,ISTANBUL SISLI VOCATIONAL SCHOOL,www.sisli.edu.tr,"Republic of Turkey İSTANBUL ŞİŞLİ VOCATIONAL SCHOOL Maslak Yerleşkesi Maslak Mh. Atatürk Otosanayi Sitesi 55. Sk. No:2 Maslak / İSTANBUL Behind Doğuş Center, Next to 42 Sopping Mall T.C İSTANBUL ŞİŞLİ VOCATIONAL SCHOOL Esentepe Yerleşkesi Esentepe Mh. Büyükdere Cd. No:100 34394 Şişli / İSTANBUL",/UniversityTurkey/Detail?uId=220121,/StudySearch/ProgramList?uId=WGIZSJoxtEg=,https://studyinturkeyvs.yok.gov.tr//PhotoAlbum//265744fb73405.jpg,../../Content/img/logo/220121.png
34,ata,ATASEHIR ADIGUZEL VOCATIONAL SCHOOL,www.adiguzel.edu.tr,Yenişehir Mah. Barajyolu Cd. Çağlayan Sk. 18 Ataşehir - İstanbul,/UniversityTurkey/Detail?uId=255896,/StudySearch/ProgramList?uId=eVSxujrqLmQ=,https://studyinturkeyvs.yok.gov.tr//PhotoAlbum//119b6d0774744.jpg,../../Content/img/logo/255896.png
